id_penjualan,id_invoice,tanggal,id_customer,nama_customer,id_barang,nama_barang,harga,jumlah_barang,unit,total_harga_per_barang,mata_uang,kode_brand,brand,cabang_sales,id_distributor,group_category
IN5997BRG0001,IN5997,2022-01-20,CUST55380,APOTEK TAPAK,BRG0001,ACYCLOVIR DUS,1169.9100000000001,1,DUS,1169.9100000000001,IDR,206,OGB & PH,Aceh,EPM,Apotek
IN6297BRG0002,IN6297,2022-01-20,CUST55381,APOTEK MAJA,BRG0002,ALERGINE TABLET SALUT,2337.5,5,DUS,11687.5,IDR,203,ETIKAL,Kuningan,TA,Apotek
IN6155BRG0003,IN6155,2022-01-21,CUST55382,KLINIK GM,BRG0003,AMPICILLIN,10690.6,9,DUS,96215.400000000009,IDR,210,MARCKS,Jakarta,TA,Klinik
IN6144BRG0004,IN6144,2022-01-22,CUST55383,APOTEK MERDEKA,BRG0004,TRAMADOL KAPSUL 50 MG,8700.7000000000007,13,DUS,113109.10000000001,IDR,201,VNS,Bandung,TA,Apotek
IN6280BRG0005,IN6280,2022-01-23,CUST55384,KLINIK SAHABAT,BRG0005,KLORPROMAZINA TABLET SALUT SELAPUT 100 MG,5648.3000000000002,1,DUS,5648.3000000000002,IDR,203,SLCYL,Tangerang,TD,Klinik
IN6052BRG0006,IN6052,2022-01-23,CUST55385,APOTEK SINAR JAYA,BRG0006,KETOCONAZOLE TABLET 200 MG,2819.1999999999998,5,DUS,14096,IDR,205,OGB & PH,Bekasi,TA,Apotek
IN6089BRG0007,IN6089,2022-01-25,CUST55386,APOTEK SAHABAT,BRG0007,ERGOTAMINE COFFEINE,4592.1000000000004,9,DUS,41328.900000000001,IDR,206,ETIKAL,Padang,EPM,Apotek
IN6251BRG0008,IN6251,2022-01-23,CUST55387,APOTEK TAPAK,BRG0008,TETRACYCLINE KAPSUL 250 MG,3991.9000000000001,1,DUS,3991.9000000000001,IDR,204,MARCKS,Aceh,EPM,Apotek
IN6036BRG0009,IN6036,2022-01-27,CUST55388,APOTEK MAJA,BRG0009,AMBROXOL HC,5780.6999999999998,23,DUS,132956.10000000001,IDR,207,VNS,Kuningan,TA,Apotek
IN6029BRG0010,IN6029,2022-01-28,CUST55389,KLINIK GM,BRG0010,PARACETAMOL,6940.3000000000002,4,DUS,27761.200000000001,IDR,208,SLCYL,Jakarta,TA,Klinik
IN6190BRG0001,IN6190,2022-01-23,CUST55390,APOTEK MERDEKA,BRG0001,ACYCLOVIR DUS,1169.9100000000001,2,DUS,2339.8200000000002,IDR,206,OGB & PH,Bandung,TA,Apotek
IN6287BRG0002,IN6287,2022-01-30,CUST55391,KLINIK SAHABAT,BRG0002,ALERGINE TABLET SALUT,2337.5,17,DUS,39737.5,IDR,203,ETIKAL,Tangerang,TD,Klinik
IN6102BRG0003,IN6102,2022-01-31,CUST55392,APOTEK SINAR JAYA,BRG0003,AMPICILLIN,10690.6,11,DUS,117596.60000000001,IDR,210,MARCKS,Bekasi,TA,Apotek
IN6301BRG0004,IN6301,2022-02-01,CUST55393,APOTEK SAHABAT,BRG0004,TRAMADOL KAPSUL 50 MG,8700.7000000000007,11,DUS,95707.700000000012,IDR,201,VNS,Padang,EPM,Apotek
IN6024BRG0005,IN6024,2022-01-27,CUST55394,KLINIK DR. ANDRI,BRG0005,KLORPROMAZINA TABLET SALUT SELAPUT 100 MG,5648.3000000000002,12,DUS,67779.600000000006,IDR,203,SLCYL,Lampung,TD,Klinik
IN6184BRG0006,IN6184,2022-01-28,CUST55395,APOTEK TAPAK,BRG0006,KETOCONAZOLE TABLET 200 MG,2819.1999999999998,25,DUS,70480,IDR,205,OGB & PH,Aceh,EPM,Apotek
IN6307BRG0007,IN6307,2022-01-23,CUST55396,APOTEK MAJA,BRG0007,ERGOTAMINE COFFEINE,4592.1000000000004,13,DUS,59697.300000000003,IDR,206,ETIKAL,Kuningan,TA,Apotek
IN6245BRG0008,IN6245,2022-01-30,CUST55397,KLINIK GM,BRG0008,TETRACYCLINE KAPSUL 250 MG,3991.9000000000001,34,DUS,135724.60000000001,IDR,204,MARCKS,Jakarta,TA,Klinik
IN6195BRG0009,IN6195,2022-01-31,CUST55398,APOTEK MERDEKA,BRG0009,AMBROXOL HC,5780.6999999999998,67,DUS,387306.89999999997,IDR,207,VNS,Bandung,TA,Apotek
IN6023BRG0010,IN6023,2022-02-01,CUST55399,KLINIK SAHABAT,BRG0010,PARACETAMOL,6940.3000000000002,15,DUS,104104.5,IDR,208,SLCYL,Tangerang,TD,Klinik
IN6113BRG0001,IN6113,2022-01-27,CUST55400,APOTEK SINAR JAYA,BRG0001,ACYCLOVIR DUS,1169.9100000000001,12,DUS,14038.920000000002,IDR,206,OGB & PH,Bekasi,TA,Apotek
IN6141BRG0002,IN6141,2022-01-28,CUST55401,APOTEK SAHABAT,BRG0002,ALERGINE TABLET SALUT,2337.5,25,DUS,58437.5,IDR,203,ETIKAL,Padang,EPM,Apotek
IN6125BRG0003,IN6125,2022-01-23,CUST55402,APOTEK TAPAK,BRG0003,AMPICILLIN,10690.6,13,DUS,138977.80000000002,IDR,210,MARCKS,Aceh,EPM,Apotek
IN6176BRG0004,IN6176,2022-01-30,CUST55403,APOTEK MAJA,BRG0004,TRAMADOL KAPSUL 50 MG,8700.7000000000007,17,DUS,147911.90000000002,IDR,201,VNS,Kuningan,TA,Apotek
IN6175BRG0005,IN6175,2022-01-31,CUST55404,KLINIK GM,BRG0005,KLORPROMAZINA TABLET SALUT SELAPUT 100 MG,5648.3000000000002,18,DUS,101669.40000000001,IDR,203,SLCYL,Jakarta,TA,Klinik
IN6259BRG0006,IN6259,2022-02-01,CUST55405,APOTEK MERDEKA,BRG0006,KETOCONAZOLE TABLET 200 MG,2819.1999999999998,18,DUS,50745.599999999999,IDR,205,OGB & PH,Bandung,TA,Apotek
IN6173BRG0001,IN6173,2022-01-27,CUST55406,KLINIK SAHABAT,BRG0001,ACYCLOVIR DUS,4592.1000000000004,12,DUS,55105.200000000004,IDR,206,OGB & PH,Tangerang,TD,Klinik
IN6013BRG0002,IN6013,2022-01-28,CUST55407,APOTEK SINAR JAYA,BRG0002,ALERGINE TABLET SALUT,3991.9000000000001,25,DUS,99797.5,IDR,203,ETIKAL,Bekasi,TA,Apotek
IN6086BRG0003,IN6086,2022-01-23,CUST55408,APOTEK SAHABAT,BRG0003,AMPICILLIN,5780.6999999999998,13,DUS,75149.099999999991,IDR,210,MARCKS,Padang,EPM,Apotek
IN6108BRG0004,IN6108,2022-01-30,CUST55409,KLINIK DR. ANDRI,BRG0004,TRAMADOL KAPSUL 50 MG,6940.3000000000002,21,DUS,145746.30000000002,IDR,201,VNS,Lampung,TD,Klinik
IN6321BRG0001,IN6321,2022-01-31,CUST55410,APOTEK TAPAK,BRG0001,ACYCLOVIR DUS,1169.9100000000001,21,DUS,24568.110000000001,IDR,206,OGB & PH,Aceh,EPM,Apotek
IN5994BRG0002,IN5994,2022-02-01,CUST55411,APOTEK MAJA,BRG0002,ALERGINE TABLET SALUT,2337.5,12,DUS,28050,IDR,203,ETIKAL,Kuningan,TA,Apotek
IN6146BRG0003,IN6146,2022-01-27,CUST55412,KLINIK GM,BRG0003,AMPICILLIN,10690.6,25,DUS,267265,IDR,210,MARCKS,Jakarta,TA,Klinik
IN6230BRG0004,IN6230,2022-01-28,CUST55413,APOTEK MERDEKA,BRG0004,TRAMADOL KAPSUL 50 MG,8700.7000000000007,13,DUS,113109.10000000001,IDR,201,VNS,Bandung,TA,Apotek
IN5991BRG0005,IN5991,2022-01-23,CUST55414,KLINIK SAHABAT,BRG0005,KLORPROMAZINA TABLET SALUT SELAPUT 100 MG,5648.3000000000002,24,DUS,135559.20000000001,IDR,203,SLCYL,Tangerang,TD,Klinik
IN6281BRG0006,IN6281,2022-01-30,CUST55415,APOTEK SINAR JAYA,BRG0006,KETOCONAZOLE TABLET 200 MG,2819.1999999999998,10,DUS,28192,IDR,205,OGB & PH,Bekasi,TA,Apotek
IN6226BRG0007,IN6226,2022-01-31,CUST55416,APOTEK SAHABAT,BRG0007,ERGOTAMINE COFFEINE,4592.1000000000004,23,DUS,105618.3,IDR,206,ETIKAL,Padang,EPM,Apotek
IN6063BRG0008,IN6063,2022-02-01,CUST55417,APOTEK TAPAK,BRG0008,TETRACYCLINE KAPSUL 250 MG,3991.9000000000001,12,DUS,47902.800000000003,IDR,204,MARCKS,Aceh,EPM,Apotek
IN6131BRG0009,IN6131,2022-01-27,CUST55418,APOTEK MAJA,BRG0009,AMBROXOL HC,5780.6999999999998,10,DUS,57807,IDR,207,VNS,Kuningan,TA,Apotek
IN6262BRG0010,IN6262,2022-01-28,CUST55419,KLINIK GM,BRG0010,PARACETAMOL,6940.3000000000002,67,DUS,465000.10000000003,IDR,208,SLCYL,Jakarta,TA,Klinik
IN6028BRG0001,IN6028,2022-01-23,CUST55420,APOTEK MERDEKA,BRG0001,ACYCLOVIR DUS,1169.9100000000001,98,DUS,114651.18000000001,IDR,206,OGB & PH,Bandung,TA,Apotek
IN6163BRG0002,IN6163,2022-01-30,CUST55421,KLINIK SAHABAT,BRG0002,ALERGINE TABLET SALUT,2337.5,5,DUS,11687.5,IDR,203,ETIKAL,Tangerang,TD,Klinik
IN6191BRG0003,IN6191,2022-01-31,CUST55422,APOTEK SINAR JAYA,BRG0003,AMPICILLIN,10690.6,4,DUS,42762.400000000001,IDR,210,MARCKS,Bekasi,TA,Apotek
IN6274BRG0004,IN6274,2022-02-01,CUST55423,APOTEK SAHABAT,BRG0004,TRAMADOL KAPSUL 50 MG,8700.7000000000007,8,DUS,69605.600000000006,IDR,201,VNS,Padang,EPM,Apotek
IN6003BRG0005,IN6003,2022-01-27,CUST55424,KLINIK DR. ANDRI,BRG0005,KLORPROMAZINA TABLET SALUT SELAPUT 100 MG,5648.3000000000002,9,DUS,50834.700000000004,IDR,203,SLCYL,Lampung,TD,Klinik
IN6247BRG0006,IN6247,2022-01-28,CUST55425,APOTEK TAPAK,BRG0006,KETOCONAZOLE TABLET 200 MG,2819.1999999999998,10,DUS,28192,IDR,205,OGB & PH,Aceh,EPM,Apotek
IN6311BRG0007,IN6311,2022-01-23,CUST55426,APOTEK MAJA,BRG0007,ERGOTAMINE COFFEINE,4592.1000000000004,7,DUS,32144.700000000004,IDR,206,ETIKAL,Kuningan,TA,Apotek
IN6248BRG0008,IN6248,2022-01-30,CUST55427,KLINIK GM,BRG0008,TETRACYCLINE KAPSUL 250 MG,3991.9000000000001,100,DUS,399190,IDR,204,MARCKS,Jakarta,TA,Klinik
IN6042BRG0009,IN6042,2022-01-31,CUST55428,APOTEK MERDEKA,BRG0009,AMBROXOL HC,5780.6999999999998,67,DUS,387306.89999999997,IDR,207,VNS,Bandung,TA,Apotek
IN6133BRG0010,IN6133,2022-02-01,CUST55429,KLINIK SAHABAT,BRG0010,PARACETAMOL,6940.3000000000002,78,DUS,541343.40000000002,IDR,208,SLCYL,Tangerang,TD,Klinik
IN6306BRG0001,IN6306,2022-01-27,CUST55430,APOTEK SINAR JAYA,BRG0001,ACYCLOVIR DUS,1169.9100000000001,45,DUS,52645.950000000004,IDR,206,OGB & PH,Bekasi,TA,Apotek
IN6253BRG0002,IN6253,2022-01-28,CUST55431,APOTEK SAHABAT,BRG0002,ALERGINE TABLET SALUT,2337.5,34,DUS,79475,IDR,203,ETIKAL,Padang,EPM,Apotek
IN5980BRG0003,IN5980,2022-01-23,CUST55432,APOTEK TAPAK,BRG0003,AMPICILLIN,10690.6,20,DUS,213812,IDR,210,MARCKS,Aceh,EPM,Apotek
IN6104BRG0004,IN6104,2022-01-30,CUST55433,APOTEK MAJA,BRG0004,TRAMADOL KAPSUL 50 MG,8700.7000000000007,45,DUS,391531.50000000006,IDR,201,VNS,Kuningan,TA,Apotek
IN6050BRG0005,IN6050,2022-01-31,CUST55434,KLINIK GM,BRG0005,KLORPROMAZINA TABLET SALUT SELAPUT 100 MG,5648.3000000000002,34,DUS,192042.20000000001,IDR,203,SLCYL,Jakarta,TA,Klinik
IN6054BRG0006,IN6054,2022-02-01,CUST55435,APOTEK MERDEKA,BRG0006,KETOCONAZOLE TABLET 200 MG,2819.1999999999998,34,DUS,95852.799999999988,IDR,205,OGB & PH,Bandung,TA,Apotek
IN6219BRG0001,IN6219,2022-01-27,CUST55436,KLINIK SAHABAT,BRG0001,ACYCLOVIR DUS,4592.1000000000004,34,DUS,156131.40000000002,IDR,206,OGB & PH,Tangerang,TD,Klinik
IN6053BRG0002,IN6053,2022-01-28,CUST55437,APOTEK SINAR JAYA,BRG0002,ALERGINE TABLET SALUT,3991.9000000000001,44,DUS,175643.60000000001,IDR,203,ETIKAL,Bekasi,TA,Apotek
IN6217BRG0003,IN6217,2022-01-23,CUST55438,APOTEK SAHABAT,BRG0003,AMPICILLIN,5780.6999999999998,5,DUS,28903.5,IDR,210,MARCKS,Padang,EPM,Apotek
IN6323BRG0004,IN6323,2022-01-30,CUST55439,KLINIK DR. ANDRI,BRG0004,TRAMADOL KAPSUL 50 MG,6940.3000000000002,6,DUS,41641.800000000003,IDR,201,VNS,Lampung,TD,Klinik
IN6241BRG0001,IN6241,2022-01-31,CUST55440,APOTEK TAPAK,BRG0001,ACYCLOVIR DUS,1169.9100000000001,79,DUS,92422.889999999999,IDR,206,OGB & PH,Aceh,EPM,Apotek
IN6134BRG0002,IN6134,2022-02-01,CUST55441,APOTEK MAJA,BRG0002,ALERGINE TABLET SALUT,2337.5,12,DUS,28050,IDR,203,ETIKAL,Kuningan,TA,Apotek
IN6124BRG0003,IN6124,2022-01-27,CUST55442,KLINIK GM,BRG0003,AMPICILLIN,10690.6,95,DUS,1015607,IDR,210,MARCKS,Jakarta,TA,Klinik
IN5981BRG0004,IN5981,2022-01-28,CUST55443,APOTEK MERDEKA,BRG0004,TRAMADOL KAPSUL 50 MG,8700.7000000000007,76,DUS,661253.20000000007,IDR,201,VNS,Bandung,TA,Apotek
IN6220BRG0005,IN6220,2022-01-23,CUST55444,KLINIK SAHABAT,BRG0005,KLORPROMAZINA TABLET SALUT SELAPUT 100 MG,5648.3000000000002,48,DUS,271118.40000000002,IDR,203,SLCYL,Tangerang,TD,Klinik
IN6122BRG0006,IN6122,2022-01-30,CUST55445,APOTEK SINAR JAYA,BRG0006,KETOCONAZOLE TABLET 200 MG,2819.1999999999998,21,DUS,59203.199999999997,IDR,205,OGB & PH,Bekasi,TA,Apotek
IN6255BRG0007,IN6255,2022-01-31,CUST55446,APOTEK SAHABAT,BRG0007,ERGOTAMINE COFFEINE,4592.1000000000004,21,DUS,96434.100000000006,IDR,206,ETIKAL,Padang,EPM,Apotek
IN6005BRG0008,IN6005,2022-02-01,CUST55447,APOTEK TAPAK,BRG0008,TETRACYCLINE KAPSUL 250 MG,3991.9000000000001,12,DUS,47902.800000000003,IDR,204,MARCKS,Aceh,EPM,Apotek
IN6327BRG0009,IN6327,2022-01-27,CUST55448,APOTEK MAJA,BRG0009,AMBROXOL HC,5780.6999999999998,25,DUS,144517.5,IDR,207,VNS,Kuningan,TA,Apotek
IN6119BRG0010,IN6119,2022-01-28,CUST55449,KLINIK GM,BRG0010,PARACETAMOL,6940.3000000000002,13,DUS,90223.900000000009,IDR,208,SLCYL,Jakarta,TA,Klinik
IN6233BRG0001,IN6233,2022-01-23,CUST55450,APOTEK MERDEKA,BRG0001,ACYCLOVIR DUS,1169.9100000000001,24,DUS,28077.840000000004,IDR,206,OGB & PH,Bandung,TA,Apotek
IN6235BRG0002,IN6235,2022-01-30,CUST55451,KLINIK SAHABAT,BRG0002,ALERGINE TABLET SALUT,2337.5,10,DUS,23375,IDR,203,ETIKAL,Tangerang,TD,Klinik
IN6263BRG0003,IN6263,2022-01-31,CUST55452,APOTEK SINAR JAYA,BRG0003,AMPICILLIN,10690.6,130,DUS,1389778,IDR,210,MARCKS,Bekasi,TA,Apotek
IN6269BRG0004,IN6269,2022-02-01,CUST55453,APOTEK SAHABAT,BRG0004,TRAMADOL KAPSUL 50 MG,8700.7000000000007,12,DUS,104408.40000000001,IDR,201,VNS,Padang,EPM,Apotek
IN6188BRG0005,IN6188,2022-01-27,CUST55454,KLINIK DR. ANDRI,BRG0005,KLORPROMAZINA TABLET SALUT SELAPUT 100 MG,5648.3000000000002,10,DUS,56483,IDR,203,SLCYL,Lampung,TD,Klinik
IN6116BRG0006,IN6116,2022-01-28,CUST55455,APOTEK TAPAK,BRG0006,KETOCONAZOLE TABLET 200 MG,2819.1999999999998,67,DUS,188886.39999999999,IDR,205,OGB & PH,Aceh,EPM,Apotek
IN6216BRG0007,IN6216,2022-01-23,CUST55456,APOTEK MAJA,BRG0007,ERGOTAMINE COFFEINE,4592.1000000000004,98,DUS,450025.80000000005,IDR,206,ETIKAL,Kuningan,TA,Apotek
IN6099BRG0008,IN6099,2022-01-30,CUST55457,KLINIK GM,BRG0008,TETRACYCLINE KAPSUL 250 MG,3991.9000000000001,5,DUS,19959.5,IDR,204,MARCKS,Jakarta,TA,Klinik
IN6326BRG0009,IN6326,2022-01-31,CUST55458,APOTEK MERDEKA,BRG0009,AMBROXOL HC,5780.6999999999998,4,DUS,23122.799999999999,IDR,207,VNS,Bandung,TA,Apotek
IN6267BRG0010,IN6267,2022-02-01,CUST55459,KLINIK SAHABAT,BRG0010,PARACETAMOL,6940.3000000000002,8,DUS,55522.400000000001,IDR,208,SLCYL,Tangerang,TD,Klinik
IN6238BRG0001,IN6238,2022-01-27,CUST55460,APOTEK SINAR JAYA,BRG0001,ACYCLOVIR DUS,1169.9100000000001,9,DUS,10529.190000000001,IDR,206,OGB & PH,Bekasi,TA,Apotek
IN6214BRG0002,IN6214,2022-01-28,CUST55461,APOTEK SAHABAT,BRG0002,ALERGINE TABLET SALUT,2337.5,21,DUS,49087.5,IDR,203,ETIKAL,Padang,EPM,Apotek
IN6318BRG0003,IN6318,2022-01-23,CUST55462,APOTEK TAPAK,BRG0003,AMPICILLIN,10690.6,21,DUS,224502.60000000001,IDR,210,MARCKS,Aceh,EPM,Apotek
IN6256BRG0004,IN6256,2022-01-30,CUST55463,APOTEK MAJA,BRG0004,TRAMADOL KAPSUL 50 MG,8700.7000000000007,12,DUS,104408.40000000001,IDR,201,VNS,Kuningan,TA,Apotek
IN6048BRG0005,IN6048,2022-01-31,CUST55464,KLINIK GM,BRG0005,KLORPROMAZINA TABLET SALUT SELAPUT 100 MG,5648.3000000000002,25,DUS,141207.5,IDR,203,SLCYL,Jakarta,TA,Klinik
IN6120BRG0006,IN6120,2022-02-01,CUST55465,APOTEK MERDEKA,BRG0006,KETOCONAZOLE TABLET 200 MG,2819.1999999999998,13,DUS,36649.599999999999,IDR,205,OGB & PH,Bandung,TA,Apotek
IN6161BRG0001,IN6161,2022-01-27,CUST55466,KLINIK SAHABAT,BRG0001,ACYCLOVIR DUS,4592.1000000000004,24,DUS,110210.40000000001,IDR,206,OGB & PH,Tangerang,TD,Klinik
IN6292BRG0002,IN6292,2022-01-28,CUST55467,APOTEK SINAR JAYA,BRG0002,ALERGINE TABLET SALUT,3991.9000000000001,10,DUS,39919,IDR,203,ETIKAL,Bekasi,TA,Apotek
IN6286BRG0003,IN6286,2022-01-23,CUST55468,APOTEK SAHABAT,BRG0003,AMPICILLIN,5780.6999999999998,120,DUS,693684,IDR,210,MARCKS,Padang,EPM,Apotek
IN6008BRG0004,IN6008,2022-01-30,CUST55469,KLINIK DR. ANDRI,BRG0004,TRAMADOL KAPSUL 50 MG,6940.3000000000002,12,DUS,83283.600000000006,IDR,201,VNS,Lampung,TD,Klinik
IN6040BRG0001,IN6040,2022-01-31,CUST55470,APOTEK TAPAK,BRG0001,ACYCLOVIR DUS,1169.9100000000001,10,DUS,11699.1,IDR,206,OGB & PH,Aceh,EPM,Apotek
IN6084BRG0002,IN6084,2022-02-01,CUST55471,APOTEK MAJA,BRG0002,ALERGINE TABLET SALUT,2337.5,67,DUS,156612.5,IDR,203,ETIKAL,Kuningan,TA,Apotek
IN6074BRG0003,IN6074,2022-01-27,CUST55472,KLINIK GM,BRG0003,AMPICILLIN,10690.6,98,DUS,1047678.8,IDR,210,MARCKS,Jakarta,TA,Klinik
IN6200BRG0004,IN6200,2022-01-28,CUST55473,APOTEK MERDEKA,BRG0004,TRAMADOL KAPSUL 50 MG,8700.7000000000007,5,DUS,43503.5,IDR,201,VNS,Bandung,TA,Apotek
IN6065BRG0005,IN6065,2022-01-23,CUST55474,KLINIK SAHABAT,BRG0005,KLORPROMAZINA TABLET SALUT SELAPUT 100 MG,5648.3000000000002,4,DUS,22593.200000000001,IDR,203,SLCYL,Tangerang,TD,Klinik
IN6208BRG0006,IN6208,2022-01-30,CUST55475,APOTEK SINAR JAYA,BRG0006,KETOCONAZOLE TABLET 200 MG,2819.1999999999998,8,DUS,22553.599999999999,IDR,205,OGB & PH,Bekasi,TA,Apotek
IN6148BRG0007,IN6148,2022-01-31,CUST55476,APOTEK SAHABAT,BRG0007,ERGOTAMINE COFFEINE,4592.1000000000004,9,DUS,41328.900000000001,IDR,206,ETIKAL,Padang,EPM,Apotek
IN6072BRG0008,IN6072,2022-02-01,CUST55477,APOTEK TAPAK,BRG0008,TETRACYCLINE KAPSUL 250 MG,3991.9000000000001,1,DUS,3991.9000000000001,IDR,204,MARCKS,Aceh,EPM,Apotek
IN6095BRG0009,IN6095,2022-01-27,CUST55478,APOTEK MAJA,BRG0009,AMBROXOL HC,5780.6999999999998,5,DUS,28903.5,IDR,207,VNS,Kuningan,TA,Apotek
IN6049BRG0010,IN6049,2022-01-28,CUST55479,KLINIK GM,BRG0010,PARACETAMOL,6940.3000000000002,9,DUS,62462.700000000004,IDR,208,SLCYL,Jakarta,TA,Klinik
IN6039BRG0001,IN6039,2022-01-23,CUST55480,APOTEK MERDEKA,BRG0001,ACYCLOVIR DUS,1169.9100000000001,13,DUS,15208.830000000002,IDR,206,OGB & PH,Bandung,TA,Apotek
IN6276BRG0002,IN6276,2022-01-30,CUST55481,KLINIK SAHABAT,BRG0002,ALERGINE TABLET SALUT,2337.5,1,DUS,2337.5,IDR,203,ETIKAL,Tangerang,TD,Klinik
IN6015BRG0003,IN6015,2022-01-31,CUST55482,APOTEK SINAR JAYA,BRG0003,AMPICILLIN,10690.6,5,DUS,53453,IDR,210,MARCKS,Bekasi,TA,Apotek
IN6185BRG0004,IN6185,2022-02-01,CUST55483,APOTEK SAHABAT,BRG0004,TRAMADOL KAPSUL 50 MG,8700.7000000000007,9,DUS,78306.300000000003,IDR,201,VNS,Padang,EPM,Apotek
IN6258BRG0005,IN6258,2022-01-27,CUST55484,KLINIK DR. ANDRI,BRG0005,KLORPROMAZINA TABLET SALUT SELAPUT 100 MG,5648.3000000000002,1,DUS,5648.3000000000002,IDR,203,SLCYL,Lampung,TD,Klinik
IN6070BRG0006,IN6070,2022-01-28,CUST55485,APOTEK TAPAK,BRG0006,KETOCONAZOLE TABLET 200 MG,2819.1999999999998,23,DUS,64841.599999999999,IDR,205,OGB & PH,Aceh,EPM,Apotek
IN6210BRG0007,IN6210,2022-01-23,CUST55486,APOTEK MAJA,BRG0007,ERGOTAMINE COFFEINE,4592.1000000000004,4,DUS,18368.400000000001,IDR,206,ETIKAL,Kuningan,TA,Apotek
IN6083BRG0008,IN6083,2022-01-30,CUST55487,KLINIK GM,BRG0008,TETRACYCLINE KAPSUL 250 MG,3991.9000000000001,2,DUS,7983.8000000000002,IDR,204,MARCKS,Jakarta,TA,Klinik
IN6322BRG0009,IN6322,2022-01-31,CUST55488,APOTEK MERDEKA,BRG0009,AMBROXOL HC,5780.6999999999998,17,DUS,98271.899999999994,IDR,207,VNS,Bandung,TA,Apotek
IN6291BRG0010,IN6291,2022-02-01,CUST55489,KLINIK SAHABAT,BRG0010,PARACETAMOL,6940.3000000000002,11,DUS,76343.300000000003,IDR,208,SLCYL,Tangerang,TD,Klinik
IN6062BRG0001,IN6062,2022-01-27,CUST55490,APOTEK SINAR JAYA,BRG0001,ACYCLOVIR DUS,1169.9100000000001,11,DUS,12869.01,IDR,206,OGB & PH,Bekasi,TA,Apotek
IN6167BRG0002,IN6167,2022-01-28,CUST55491,APOTEK SAHABAT,BRG0002,ALERGINE TABLET SALUT,2337.5,12,DUS,28050,IDR,203,ETIKAL,Padang,EPM,Apotek
IN6289BRG0003,IN6289,2022-01-23,CUST55492,APOTEK TAPAK,BRG0003,AMPICILLIN,10690.6,25,DUS,267265,IDR,210,MARCKS,Aceh,EPM,Apotek
IN6305BRG0004,IN6305,2022-01-30,CUST55493,APOTEK MAJA,BRG0004,TRAMADOL KAPSUL 50 MG,8700.7000000000007,13,DUS,113109.10000000001,IDR,201,VNS,Kuningan,TA,Apotek
IN6079BRG0005,IN6079,2022-01-31,CUST55494,KLINIK GM,BRG0005,KLORPROMAZINA TABLET SALUT SELAPUT 100 MG,5648.3000000000002,34,DUS,192042.20000000001,IDR,203,SLCYL,Jakarta,TA,Klinik
IN6320BRG0006,IN6320,2022-02-01,CUST55495,APOTEK MERDEKA,BRG0006,KETOCONAZOLE TABLET 200 MG,2819.1999999999998,67,DUS,188886.39999999999,IDR,205,OGB & PH,Bandung,TA,Apotek
IN6103BRG0001,IN6103,2022-01-27,CUST55496,KLINIK SAHABAT,BRG0001,ACYCLOVIR DUS,4592.1000000000004,15,DUS,68881.5,IDR,206,OGB & PH,Tangerang,TD,Klinik
IN6172BRG0002,IN6172,2022-01-28,CUST55497,APOTEK SINAR JAYA,BRG0002,ALERGINE TABLET SALUT,3991.9000000000001,12,DUS,47902.800000000003,IDR,203,ETIKAL,Bekasi,TA,Apotek
IN6183BRG0003,IN6183,2022-01-23,CUST55498,APOTEK SAHABAT,BRG0003,AMPICILLIN,5780.6999999999998,25,DUS,144517.5,IDR,210,MARCKS,Padang,EPM,Apotek
IN6278BRG0004,IN6278,2022-01-30,CUST55499,KLINIK DR. ANDRI,BRG0004,TRAMADOL KAPSUL 50 MG,6940.3000000000002,13,DUS,90223.900000000009,IDR,201,VNS,Lampung,TD,Klinik
IN6186BRG0001,IN6186,2022-01-31,CUST55500,APOTEK TAPAK,BRG0001,ACYCLOVIR DUS,1169.9100000000001,17,DUS,19888.470000000001,IDR,206,OGB & PH,Aceh,EPM,Apotek
IN6211BRG0002,IN6211,2022-02-01,CUST55501,APOTEK MAJA,BRG0002,ALERGINE TABLET SALUT,2337.5,18,DUS,42075,IDR,203,ETIKAL,Kuningan,TA,Apotek
IN6118BRG0003,IN6118,2022-01-27,CUST55502,KLINIK GM,BRG0003,AMPICILLIN,10690.6,18,DUS,192430.80000000002,IDR,210,MARCKS,Jakarta,TA,Klinik
IN6162BRG0004,IN6162,2022-01-28,CUST55503,APOTEK MERDEKA,BRG0004,TRAMADOL KAPSUL 50 MG,8700.7000000000007,12,DUS,104408.40000000001,IDR,201,VNS,Bandung,TA,Apotek
IN6221BRG0005,IN6221,2022-01-23,CUST55504,KLINIK SAHABAT,BRG0005,KLORPROMAZINA TABLET SALUT SELAPUT 100 MG,5648.3000000000002,25,DUS,141207.5,IDR,203,SLCYL,Tangerang,TD,Klinik
IN6170BRG0006,IN6170,2022-01-30,CUST55505,APOTEK SINAR JAYA,BRG0006,KETOCONAZOLE TABLET 200 MG,2819.1999999999998,13,DUS,36649.599999999999,IDR,205,OGB & PH,Bekasi,TA,Apotek
IN6045BRG0007,IN6045,2022-01-31,CUST55506,APOTEK SAHABAT,BRG0007,ERGOTAMINE COFFEINE,4592.1000000000004,21,DUS,96434.100000000006,IDR,206,ETIKAL,Padang,EPM,Apotek
IN6300BRG0008,IN6300,2022-02-01,CUST55507,APOTEK TAPAK,BRG0008,TETRACYCLINE KAPSUL 250 MG,3991.9000000000001,21,DUS,83829.900000000009,IDR,204,MARCKS,Aceh,EPM,Apotek
IN6228BRG0009,IN6228,2022-01-27,CUST55508,APOTEK MAJA,BRG0009,AMBROXOL HC,5780.6999999999998,12,DUS,69368.399999999994,IDR,207,VNS,Kuningan,TA,Apotek
IN6199BRG0010,IN6199,2022-01-28,CUST55509,KLINIK GM,BRG0010,PARACETAMOL,6940.3000000000002,25,DUS,173507.5,IDR,208,SLCYL,Jakarta,TA,Klinik
IN6215BRG0001,IN6215,2022-01-23,CUST55510,APOTEK MERDEKA,BRG0001,ACYCLOVIR DUS,1169.9100000000001,13,DUS,15208.830000000002,IDR,206,OGB & PH,Bandung,TA,Apotek
IN6107BRG0002,IN6107,2022-01-30,CUST55511,KLINIK SAHABAT,BRG0002,ALERGINE TABLET SALUT,2337.5,24,DUS,56100,IDR,203,ETIKAL,Tangerang,TD,Klinik
IN6152BRG0003,IN6152,2022-01-31,CUST55512,APOTEK SINAR JAYA,BRG0003,AMPICILLIN,10690.6,10,DUS,106906,IDR,210,MARCKS,Bekasi,TA,Apotek
IN6017BRG0004,IN6017,2022-02-01,CUST55513,APOTEK SAHABAT,BRG0004,TRAMADOL KAPSUL 50 MG,8700.7000000000007,23,DUS,200116.10000000001,IDR,201,VNS,Padang,EPM,Apotek
IN6299BRG0005,IN6299,2022-01-27,CUST55514,KLINIK DR. ANDRI,BRG0005,KLORPROMAZINA TABLET SALUT SELAPUT 100 MG,5648.3000000000002,12,DUS,67779.600000000006,IDR,203,SLCYL,Lampung,TD,Klinik
IN6064BRG0006,IN6064,2022-01-28,CUST55515,APOTEK TAPAK,BRG0006,KETOCONAZOLE TABLET 200 MG,2819.1999999999998,10,DUS,28192,IDR,205,OGB & PH,Aceh,EPM,Apotek
IN6308BRG0007,IN6308,2022-01-23,CUST55516,APOTEK MAJA,BRG0007,ERGOTAMINE COFFEINE,4592.1000000000004,67,DUS,307670.70000000001,IDR,206,ETIKAL,Kuningan,TA,Apotek
IN6038BRG0008,IN6038,2022-01-30,CUST55517,KLINIK GM,BRG0008,TETRACYCLINE KAPSUL 250 MG,3991.9000000000001,98,DUS,391206.20000000001,IDR,204,MARCKS,Jakarta,TA,Klinik
IN6130BRG0009,IN6130,2022-01-31,CUST55518,APOTEK MERDEKA,BRG0009,AMBROXOL HC,5780.6999999999998,5,DUS,28903.5,IDR,207,VNS,Bandung,TA,Apotek
IN6293BRG0010,IN6293,2022-02-01,CUST55519,KLINIK SAHABAT,BRG0010,PARACETAMOL,6940.3000000000002,4,DUS,27761.200000000001,IDR,208,SLCYL,Tangerang,TD,Klinik
IN6205BRG0001,IN6205,2022-01-27,CUST55520,APOTEK SINAR JAYA,BRG0001,ACYCLOVIR DUS,1169.9100000000001,8,DUS,9359.2800000000007,IDR,206,OGB & PH,Bekasi,TA,Apotek
IN6325BRG0002,IN6325,2022-01-28,CUST55521,APOTEK SAHABAT,BRG0002,ALERGINE TABLET SALUT,2337.5,9,DUS,21037.5,IDR,203,ETIKAL,Padang,EPM,Apotek
IN6317BRG0003,IN6317,2022-01-23,CUST55522,APOTEK TAPAK,BRG0003,AMPICILLIN,10690.6,10,DUS,106906,IDR,210,MARCKS,Aceh,EPM,Apotek
IN6025BRG0004,IN6025,2022-01-30,CUST55523,APOTEK MAJA,BRG0004,TRAMADOL KAPSUL 50 MG,8700.7000000000007,7,DUS,60904.900000000009,IDR,201,VNS,Kuningan,TA,Apotek
IN6203BRG0005,IN6203,2022-01-31,CUST55524,KLINIK GM,BRG0005,KLORPROMAZINA TABLET SALUT SELAPUT 100 MG,5648.3000000000002,100,DUS,564830,IDR,203,SLCYL,Jakarta,TA,Klinik
IN6243BRG0006,IN6243,2022-02-01,CUST55525,APOTEK MERDEKA,BRG0006,KETOCONAZOLE TABLET 200 MG,2819.1999999999998,67,DUS,188886.39999999999,IDR,205,OGB & PH,Bandung,TA,Apotek
IN6136BRG0001,IN6136,2022-01-27,CUST55526,KLINIK SAHABAT,BRG0001,ACYCLOVIR DUS,4592.1000000000004,78,DUS,358183.80000000005,IDR,206,OGB & PH,Tangerang,TD,Klinik
IN6314BRG0002,IN6314,2022-01-28,CUST55527,APOTEK SINAR JAYA,BRG0002,ALERGINE TABLET SALUT,3991.9000000000001,45,DUS,179635.5,IDR,203,ETIKAL,Bekasi,TA,Apotek
IN6202BRG0003,IN6202,2022-01-23,CUST55528,APOTEK SAHABAT,BRG0003,AMPICILLIN,5780.6999999999998,34,DUS,196543.79999999999,IDR,210,MARCKS,Padang,EPM,Apotek
IN6279BRG0004,IN6279,2022-01-30,CUST55529,KLINIK DR. ANDRI,BRG0004,TRAMADOL KAPSUL 50 MG,6940.3000000000002,20,DUS,138806,IDR,201,VNS,Lampung,TD,Klinik
IN6196BRG0001,IN6196,2022-01-31,CUST55530,APOTEK TAPAK,BRG0001,ACYCLOVIR DUS,1169.9100000000001,45,DUS,52645.950000000004,IDR,206,OGB & PH,Aceh,EPM,Apotek
IN6266BRG0002,IN6266,2022-02-01,CUST55531,APOTEK MAJA,BRG0002,ALERGINE TABLET SALUT,2337.5,34,DUS,79475,IDR,203,ETIKAL,Kuningan,TA,Apotek
IN6058BRG0003,IN6058,2022-01-27,CUST55532,KLINIK GM,BRG0003,AMPICILLIN,10690.6,34,DUS,363480.40000000002,IDR,210,MARCKS,Jakarta,TA,Klinik
IN6246BRG0004,IN6246,2022-01-28,CUST55533,APOTEK MERDEKA,BRG0004,TRAMADOL KAPSUL 50 MG,8700.7000000000007,34,DUS,295823.80000000005,IDR,201,VNS,Bandung,TA,Apotek
IN6242BRG0005,IN6242,2022-01-23,CUST55534,KLINIK SAHABAT,BRG0005,KLORPROMAZINA TABLET SALUT SELAPUT 100 MG,5648.3000000000002,44,DUS,248525.20000000001,IDR,203,SLCYL,Tangerang,TD,Klinik
IN5982BRG0006,IN5982,2022-01-30,CUST55535,APOTEK SINAR JAYA,BRG0006,KETOCONAZOLE TABLET 200 MG,2819.1999999999998,5,DUS,14096,IDR,205,OGB & PH,Bekasi,TA,Apotek
IN6068BRG0007,IN6068,2022-01-31,CUST55536,APOTEK SAHABAT,BRG0007,ERGOTAMINE COFFEINE,4592.1000000000004,6,DUS,27552.600000000002,IDR,206,ETIKAL,Padang,EPM,Apotek
IN6128BRG0008,IN6128,2022-02-01,CUST55537,APOTEK TAPAK,BRG0008,TETRACYCLINE KAPSUL 250 MG,3991.9000000000001,79,DUS,315360.10000000003,IDR,204,MARCKS,Aceh,EPM,Apotek
IN6066BRG0009,IN6066,2022-01-27,CUST55538,APOTEK MAJA,BRG0009,AMBROXOL HC,5780.6999999999998,12,DUS,69368.399999999994,IDR,207,VNS,Kuningan,TA,Apotek
IN6303BRG0010,IN6303,2022-01-28,CUST55539,KLINIK GM,BRG0010,PARACETAMOL,6940.3000000000002,95,DUS,659328.5,IDR,208,SLCYL,Jakarta,TA,Klinik
IN6284BRG0001,IN6284,2022-01-23,CUST55540,APOTEK MERDEKA,BRG0001,ACYCLOVIR DUS,1169.9100000000001,76,DUS,88913.160000000003,IDR,206,OGB & PH,Bandung,TA,Apotek
IN6240BRG0002,IN6240,2022-01-30,CUST55541,KLINIK SAHABAT,BRG0002,ALERGINE TABLET SALUT,2337.5,48,DUS,112200,IDR,203,ETIKAL,Tangerang,TD,Klinik
IN6244BRG0003,IN6244,2022-01-31,CUST55542,APOTEK SINAR JAYA,BRG0003,AMPICILLIN,10690.6,21,DUS,224502.60000000001,IDR,210,MARCKS,Bekasi,TA,Apotek
IN6060BRG0004,IN6060,2022-02-01,CUST55543,APOTEK SAHABAT,BRG0004,TRAMADOL KAPSUL 50 MG,8700.7000000000007,21,DUS,182714.70000000001,IDR,201,VNS,Padang,EPM,Apotek
IN6254BRG0005,IN6254,2022-02-02,CUST55544,KLINIK DR. ANDRI,BRG0005,KLORPROMAZINA TABLET SALUT SELAPUT 100 MG,5648.3000000000002,12,DUS,67779.600000000006,IDR,203,SLCYL,Lampung,TD,Klinik
IN6171BRG0006,IN6171,2022-02-03,CUST55545,APOTEK TAPAK,BRG0006,KETOCONAZOLE TABLET 200 MG,2819.1999999999998,25,DUS,70480,IDR,205,OGB & PH,Aceh,EPM,Apotek
IN6002BRG0007,IN6002,2022-02-04,CUST55546,APOTEK MAJA,BRG0007,ERGOTAMINE COFFEINE,4592.1000000000004,13,DUS,59697.300000000003,IDR,206,ETIKAL,Kuningan,TA,Apotek
IN6261BRG0008,IN6261,2022-02-05,CUST55547,KLINIK GM,BRG0008,TETRACYCLINE KAPSUL 250 MG,3991.9000000000001,24,DUS,95805.600000000006,IDR,204,MARCKS,Jakarta,TA,Klinik
IN6088BRG0009,IN6088,2022-02-06,CUST55548,APOTEK MERDEKA,BRG0009,AMBROXOL HC,5780.6999999999998,10,DUS,57807,IDR,207,VNS,Bandung,TA,Apotek
IN6181BRG0010,IN6181,2022-02-07,CUST55549,KLINIK SAHABAT,BRG0010,PARACETAMOL,6940.3000000000002,130,DUS,902239,IDR,208,SLCYL,Tangerang,TD,Klinik
IN6135BRG0001,IN6135,2022-02-08,CUST55550,APOTEK SINAR JAYA,BRG0001,ACYCLOVIR DUS,1169.9100000000001,12,DUS,14038.920000000002,IDR,206,OGB & PH,Bekasi,TA,Apotek
IN5988BRG0002,IN5988,2022-02-09,CUST55551,APOTEK SAHABAT,BRG0002,ALERGINE TABLET SALUT,2337.5,10,DUS,23375,IDR,203,ETIKAL,Padang,EPM,Apotek
IN6234BRG0003,IN6234,2022-02-10,CUST55552,APOTEK TAPAK,BRG0003,AMPICILLIN,10690.6,67,DUS,716270.20000000007,IDR,210,MARCKS,Aceh,EPM,Apotek
IN6319BRG0004,IN6319,2022-02-11,CUST55553,APOTEK MAJA,BRG0004,TRAMADOL KAPSUL 50 MG,8700.7000000000007,98,DUS,852668.60000000009,IDR,201,VNS,Kuningan,TA,Apotek
IN6006BRG0005,IN6006,2022-02-12,CUST55554,KLINIK GM,BRG0005,KLORPROMAZINA TABLET SALUT SELAPUT 100 MG,5648.3000000000002,5,DUS,28241.5,IDR,203,SLCYL,Jakarta,TA,Klinik
IN6147BRG0006,IN6147,2022-02-13,CUST55555,APOTEK MERDEKA,BRG0006,KETOCONAZOLE TABLET 200 MG,2819.1999999999998,4,DUS,11276.799999999999,IDR,205,OGB & PH,Bandung,TA,Apotek
IN6129BRG0001,IN6129,2022-02-14,CUST55556,KLINIK SAHABAT,BRG0001,ACYCLOVIR DUS,4592.1000000000004,8,DUS,36736.800000000003,IDR,206,OGB & PH,Tangerang,TD,Klinik
IN5986BRG0002,IN5986,2022-02-15,CUST55557,APOTEK SINAR JAYA,BRG0002,ALERGINE TABLET SALUT,3991.9000000000001,9,DUS,35927.099999999999,IDR,203,ETIKAL,Bekasi,TA,Apotek
IN6026BRG0003,IN6026,2022-02-16,CUST55558,APOTEK SAHABAT,BRG0003,AMPICILLIN,5780.6999999999998,21,DUS,121394.7,IDR,210,MARCKS,Padang,EPM,Apotek
IN6224BRG0004,IN6224,2022-02-17,CUST55559,KLINIK DR. ANDRI,BRG0004,TRAMADOL KAPSUL 50 MG,6940.3000000000002,21,DUS,145746.30000000002,IDR,201,VNS,Lampung,TD,Klinik
IN6087BRG0001,IN6087,2022-02-18,CUST55560,APOTEK TAPAK,BRG0001,ACYCLOVIR DUS,1169.9100000000001,12,DUS,14038.920000000002,IDR,206,OGB & PH,Aceh,EPM,Apotek
IN6096BRG0002,IN6096,2022-02-19,CUST55561,APOTEK MAJA,BRG0002,ALERGINE TABLET SALUT,2337.5,25,DUS,58437.5,IDR,203,ETIKAL,Kuningan,TA,Apotek
IN6034BRG0003,IN6034,2022-02-20,CUST55562,KLINIK GM,BRG0003,AMPICILLIN,10690.6,13,DUS,138977.80000000002,IDR,210,MARCKS,Jakarta,TA,Klinik
IN6231BRG0004,IN6231,2022-02-21,CUST55563,APOTEK MERDEKA,BRG0004,TRAMADOL KAPSUL 50 MG,8700.7000000000007,24,DUS,208816.80000000002,IDR,201,VNS,Bandung,TA,Apotek
IN6260BRG0005,IN6260,2022-02-22,CUST55564,KLINIK SAHABAT,BRG0005,KLORPROMAZINA TABLET SALUT SELAPUT 100 MG,5648.3000000000002,10,DUS,56483,IDR,203,SLCYL,Tangerang,TD,Klinik
IN6302BRG0006,IN6302,2022-02-23,CUST55565,APOTEK SINAR JAYA,BRG0006,KETOCONAZOLE TABLET 200 MG,2819.1999999999998,120,DUS,338304,IDR,205,OGB & PH,Bekasi,TA,Apotek
IN6061BRG0007,IN6061,2022-02-24,CUST55566,APOTEK SAHABAT,BRG0007,ERGOTAMINE COFFEINE,4592.1000000000004,12,DUS,55105.200000000004,IDR,206,ETIKAL,Padang,EPM,Apotek
IN6011BRG0008,IN6011,2022-02-25,CUST55567,APOTEK TAPAK,BRG0008,TETRACYCLINE KAPSUL 250 MG,3991.9000000000001,10,DUS,39919,IDR,204,MARCKS,Aceh,EPM,Apotek
IN6275BRG0009,IN6275,2022-02-26,CUST55568,APOTEK MAJA,BRG0009,AMBROXOL HC,5780.6999999999998,67,DUS,387306.89999999997,IDR,207,VNS,Kuningan,TA,Apotek
IN6114BRG0010,IN6114,2022-02-27,CUST55569,KLINIK GM,BRG0010,PARACETAMOL,6940.3000000000002,98,DUS,680149.40000000002,IDR,208,SLCYL,Jakarta,TA,Klinik
IN6041BRG0001,IN6041,2022-02-28,CUST55570,APOTEK MERDEKA,BRG0001,ACYCLOVIR DUS,1169.9100000000001,5,DUS,5849.5500000000002,IDR,206,OGB & PH,Bandung,TA,Apotek
IN6069BRG0002,IN6069,2022-03-01,CUST55571,KLINIK SAHABAT,BRG0002,ALERGINE TABLET SALUT,2337.5,4,DUS,9350,IDR,203,ETIKAL,Tangerang,TD,Klinik
IN6239BRG0003,IN6239,2022-03-02,CUST55572,APOTEK SINAR JAYA,BRG0003,AMPICILLIN,10690.6,8,DUS,85524.800000000003,IDR,210,MARCKS,Bekasi,TA,Apotek
IN6137BRG0004,IN6137,2022-03-03,CUST55573,APOTEK SAHABAT,BRG0004,TRAMADOL KAPSUL 50 MG,8700.7000000000007,9,DUS,78306.300000000003,IDR,201,VNS,Padang,EPM,Apotek
IN6189BRG0005,IN6189,2022-03-04,CUST55574,KLINIK DR. ANDRI,BRG0005,KLORPROMAZINA TABLET SALUT SELAPUT 100 MG,5648.3000000000002,1,DUS,5648.3000000000002,IDR,203,SLCYL,Lampung,TD,Klinik
IN6229BRG0006,IN6229,2022-03-05,CUST55575,APOTEK TAPAK,BRG0006,KETOCONAZOLE TABLET 200 MG,2819.1999999999998,5,DUS,14096,IDR,205,OGB & PH,Aceh,EPM,Apotek
IN6110BRG0007,IN6110,2022-03-06,CUST55576,APOTEK MAJA,BRG0007,ERGOTAMINE COFFEINE,4592.1000000000004,9,DUS,41328.900000000001,IDR,206,ETIKAL,Kuningan,TA,Apotek
IN6182BRG0008,IN6182,2022-03-07,CUST55577,KLINIK GM,BRG0008,TETRACYCLINE KAPSUL 250 MG,3991.9000000000001,13,DUS,51894.700000000004,IDR,204,MARCKS,Jakarta,TA,Klinik
IN6164BRG0009,IN6164,2022-03-08,CUST55578,APOTEK MERDEKA,BRG0009,AMBROXOL HC,5780.6999999999998,1,DUS,5780.6999999999998,IDR,207,VNS,Bandung,TA,Apotek
IN6016BRG0010,IN6016,2022-03-09,CUST55579,KLINIK SAHABAT,BRG0010,PARACETAMOL,6940.3000000000002,5,DUS,34701.5,IDR,208,SLCYL,Tangerang,TD,Klinik
IN6043BRG0001,IN6043,2022-03-10,CUST55580,APOTEK SINAR JAYA,BRG0001,ACYCLOVIR DUS,1169.9100000000001,9,DUS,10529.190000000001,IDR,206,OGB & PH,Bekasi,TA,Apotek
IN6020BRG0002,IN6020,2022-03-11,CUST55581,APOTEK SAHABAT,BRG0002,ALERGINE TABLET SALUT,2337.5,1,DUS,2337.5,IDR,203,ETIKAL,Padang,EPM,Apotek
IN6206BRG0003,IN6206,2022-03-12,CUST55582,APOTEK TAPAK,BRG0003,AMPICILLIN,10690.6,23,DUS,245883.80000000002,IDR,210,MARCKS,Aceh,EPM,Apotek
IN6055BRG0004,IN6055,2022-03-13,CUST55583,APOTEK MAJA,BRG0004,TRAMADOL KAPSUL 50 MG,8700.7000000000007,4,DUS,34802.800000000003,IDR,201,VNS,Kuningan,TA,Apotek
IN6092BRG0005,IN6092,2022-03-14,CUST55584,KLINIK GM,BRG0005,KLORPROMAZINA TABLET SALUT SELAPUT 100 MG,5648.3000000000002,2,DUS,11296.6,IDR,203,SLCYL,Jakarta,TA,Klinik
IN6177BRG0006,IN6177,2022-03-15,CUST55585,APOTEK MERDEKA,BRG0006,KETOCONAZOLE TABLET 200 MG,2819.1999999999998,17,DUS,47926.399999999994,IDR,205,OGB & PH,Bandung,TA,Apotek
IN6209BRG0001,IN6209,2022-03-16,CUST55586,KLINIK SAHABAT,BRG0001,ACYCLOVIR DUS,4592.1000000000004,11,DUS,50513.100000000006,IDR,206,OGB & PH,Tangerang,TD,Klinik
IN6250BRG0002,IN6250,2022-03-17,CUST55587,APOTEK SINAR JAYA,BRG0002,ALERGINE TABLET SALUT,3991.9000000000001,11,DUS,43910.900000000001,IDR,203,ETIKAL,Bekasi,TA,Apotek
IN6193BRG0003,IN6193,2022-03-18,CUST55588,APOTEK SAHABAT,BRG0003,AMPICILLIN,5780.6999999999998,12,DUS,69368.399999999994,IDR,210,MARCKS,Padang,EPM,Apotek
IN6081BRG0004,IN6081,2022-03-19,CUST55589,KLINIK DR. ANDRI,BRG0004,TRAMADOL KAPSUL 50 MG,6940.3000000000002,25,DUS,173507.5,IDR,201,VNS,Lampung,TD,Klinik
IN6149BRG0001,IN6149,2022-03-20,CUST55590,APOTEK TAPAK,BRG0001,ACYCLOVIR DUS,1169.9100000000001,13,DUS,15208.830000000002,IDR,206,OGB & PH,Aceh,EPM,Apotek
IN6014BRG0002,IN6014,2022-03-21,CUST55591,APOTEK MAJA,BRG0002,ALERGINE TABLET SALUT,2337.5,34,DUS,79475,IDR,203,ETIKAL,Kuningan,TA,Apotek
IN6290BRG0003,IN6290,2022-03-22,CUST55592,KLINIK GM,BRG0003,AMPICILLIN,10690.6,67,DUS,716270.20000000007,IDR,210,MARCKS,Jakarta,TA,Klinik
IN6051BRG0004,IN6051,2022-03-23,CUST55593,APOTEK MERDEKA,BRG0004,TRAMADOL KAPSUL 50 MG,8700.7000000000007,15,DUS,130510.50000000001,IDR,201,VNS,Bandung,TA,Apotek
IN6076BRG0005,IN6076,2022-03-24,CUST55594,KLINIK SAHABAT,BRG0005,KLORPROMAZINA TABLET SALUT SELAPUT 100 MG,5648.3000000000002,12,DUS,67779.600000000006,IDR,203,SLCYL,Tangerang,TD,Klinik
IN6140BRG0006,IN6140,2022-03-25,CUST55595,APOTEK SINAR JAYA,BRG0006,KETOCONAZOLE TABLET 200 MG,2819.1999999999998,25,DUS,70480,IDR,205,OGB & PH,Bekasi,TA,Apotek
IN6080BRG0007,IN6080,2022-03-26,CUST55596,APOTEK SAHABAT,BRG0007,ERGOTAMINE COFFEINE,4592.1000000000004,13,DUS,59697.300000000003,IDR,206,ETIKAL,Padang,EPM,Apotek
IN6153BRG0008,IN6153,2022-03-27,CUST55597,APOTEK TAPAK,BRG0008,TETRACYCLINE KAPSUL 250 MG,3991.9000000000001,17,DUS,67862.300000000003,IDR,204,MARCKS,Aceh,EPM,Apotek
IN5979BRG0009,IN5979,2022-03-28,CUST55598,APOTEK MAJA,BRG0009,AMBROXOL HC,5780.6999999999998,18,DUS,104052.59999999999,IDR,207,VNS,Kuningan,TA,Apotek
IN6098BRG0010,IN6098,2022-03-29,CUST55599,KLINIK GM,BRG0010,PARACETAMOL,6940.3000000000002,18,DUS,124925.40000000001,IDR,208,SLCYL,Jakarta,TA,Klinik
IN6078BRG0001,IN6078,2022-03-30,CUST55600,APOTEK MERDEKA,BRG0001,ACYCLOVIR DUS,1169.9100000000001,12,DUS,14038.920000000002,IDR,206,OGB & PH,Bandung,TA,Apotek
IN6085BRG0002,IN6085,2022-03-31,CUST55601,KLINIK SAHABAT,BRG0002,ALERGINE TABLET SALUT,2337.5,25,DUS,58437.5,IDR,203,ETIKAL,Tangerang,TD,Klinik
IN6018BRG0003,IN6018,2022-04-01,CUST55602,APOTEK SINAR JAYA,BRG0003,AMPICILLIN,10690.6,13,DUS,138977.80000000002,IDR,210,MARCKS,Bekasi,TA,Apotek
IN6001BRG0004,IN6001,2022-04-02,CUST55603,APOTEK SAHABAT,BRG0004,TRAMADOL KAPSUL 50 MG,8700.7000000000007,21,DUS,182714.70000000001,IDR,201,VNS,Padang,EPM,Apotek
IN6271BRG0005,IN6271,2022-04-03,CUST55604,KLINIK DR. ANDRI,BRG0005,KLORPROMAZINA TABLET SALUT SELAPUT 100 MG,5648.3000000000002,21,DUS,118614.3,IDR,203,SLCYL,Lampung,TD,Klinik
IN6207BRG0006,IN6207,2022-04-04,CUST55605,APOTEK TAPAK,BRG0006,KETOCONAZOLE TABLET 200 MG,2819.1999999999998,12,DUS,33830.399999999994,IDR,205,OGB & PH,Aceh,EPM,Apotek
IN6187BRG0007,IN6187,2022-04-05,CUST55606,APOTEK MAJA,BRG0007,ERGOTAMINE COFFEINE,4592.1000000000004,25,DUS,114802.50000000001,IDR,206,ETIKAL,Kuningan,TA,Apotek
IN5995BRG0008,IN5995,2022-04-06,CUST55607,KLINIK GM,BRG0008,TETRACYCLINE KAPSUL 250 MG,3991.9000000000001,13,DUS,51894.700000000004,IDR,204,MARCKS,Jakarta,TA,Klinik
IN6156BRG0009,IN6156,2022-04-07,CUST55608,APOTEK MERDEKA,BRG0009,AMBROXOL HC,5780.6999999999998,24,DUS,138736.79999999999,IDR,207,VNS,Bandung,TA,Apotek
IN6232BRG0010,IN6232,2022-04-08,CUST55609,KLINIK SAHABAT,BRG0010,PARACETAMOL,6940.3000000000002,10,DUS,69403,IDR,208,SLCYL,Tangerang,TD,Klinik
IN5998BRG0001,IN5998,2022-04-09,CUST55610,APOTEK SINAR JAYA,BRG0001,ACYCLOVIR DUS,1169.9100000000001,23,DUS,26907.93,IDR,206,OGB & PH,Bekasi,TA,Apotek
IN6227BRG0002,IN6227,2022-04-10,CUST55611,APOTEK SAHABAT,BRG0002,ALERGINE TABLET SALUT,2337.5,12,DUS,28050,IDR,203,ETIKAL,Padang,EPM,Apotek
IN6027BRG0003,IN6027,2022-04-11,CUST55612,APOTEK TAPAK,BRG0003,AMPICILLIN,10690.6,10,DUS,106906,IDR,210,MARCKS,Aceh,EPM,Apotek
IN6157BRG0004,IN6157,2022-04-12,CUST55613,APOTEK MAJA,BRG0004,TRAMADOL KAPSUL 50 MG,8700.7000000000007,67,DUS,582946.90000000002,IDR,201,VNS,Kuningan,TA,Apotek
IN6180BRG0005,IN6180,2022-04-13,CUST55614,KLINIK GM,BRG0005,KLORPROMAZINA TABLET SALUT SELAPUT 100 MG,5648.3000000000002,98,DUS,553533.40000000002,IDR,203,SLCYL,Jakarta,TA,Klinik
IN6257BRG0006,IN6257,2022-04-14,CUST55615,APOTEK MERDEKA,BRG0006,KETOCONAZOLE TABLET 200 MG,2819.1999999999998,5,DUS,14096,IDR,205,OGB & PH,Bandung,TA,Apotek
IN6031BRG0001,IN6031,2022-04-15,CUST55616,KLINIK SAHABAT,BRG0001,ACYCLOVIR DUS,4592.1000000000004,4,DUS,18368.400000000001,IDR,206,OGB & PH,Tangerang,TD,Klinik
IN6082BRG0002,IN6082,2022-04-16,CUST55617,APOTEK SINAR JAYA,BRG0002,ALERGINE TABLET SALUT,3991.9000000000001,8,DUS,31935.200000000001,IDR,203,ETIKAL,Bekasi,TA,Apotek
IN6174BRG0003,IN6174,2022-04-17,CUST55618,APOTEK SAHABAT,BRG0003,AMPICILLIN,5780.6999999999998,9,DUS,52026.299999999996,IDR,210,MARCKS,Padang,EPM,Apotek
IN6237BRG0004,IN6237,2022-04-18,CUST55619,KLINIK DR. ANDRI,BRG0004,TRAMADOL KAPSUL 50 MG,6940.3000000000002,10,DUS,69403,IDR,201,VNS,Lampung,TD,Klinik
IN6021BRG0001,IN6021,2022-04-19,CUST55620,APOTEK TAPAK,BRG0001,ACYCLOVIR DUS,1169.9100000000001,7,DUS,8189.3700000000008,IDR,206,OGB & PH,Aceh,EPM,Apotek
IN6056BRG0002,IN6056,2022-04-20,CUST55621,APOTEK MAJA,BRG0002,ALERGINE TABLET SALUT,2337.5,100,DUS,233750,IDR,203,ETIKAL,Kuningan,TA,Apotek
IN5983BRG0003,IN5983,2022-04-21,CUST55622,KLINIK GM,BRG0003,AMPICILLIN,10690.6,67,DUS,716270.20000000007,IDR,210,MARCKS,Jakarta,TA,Klinik
IN6139BRG0004,IN6139,2022-04-22,CUST55623,APOTEK MERDEKA,BRG0004,TRAMADOL KAPSUL 50 MG,8700.7000000000007,78,DUS,678654.60000000009,IDR,201,VNS,Bandung,TA,Apotek
IN6126BRG0005,IN6126,2022-04-23,CUST55624,KLINIK SAHABAT,BRG0005,KLORPROMAZINA TABLET SALUT SELAPUT 100 MG,5648.3000000000002,45,DUS,254173.5,IDR,203,SLCYL,Tangerang,TD,Klinik
IN6127BRG0006,IN6127,2022-04-24,CUST55625,APOTEK SINAR JAYA,BRG0006,KETOCONAZOLE TABLET 200 MG,2819.1999999999998,34,DUS,95852.799999999988,IDR,205,OGB & PH,Bekasi,TA,Apotek
IN6035BRG0007,IN6035,2022-04-25,CUST55626,APOTEK SAHABAT,BRG0007,ERGOTAMINE COFFEINE,4592.1000000000004,20,DUS,91842,IDR,206,ETIKAL,Padang,EPM,Apotek
IN6309BRG0008,IN6309,2022-04-26,CUST55627,APOTEK TAPAK,BRG0008,TETRACYCLINE KAPSUL 250 MG,3991.9000000000001,45,DUS,179635.5,IDR,204,MARCKS,Aceh,EPM,Apotek
IN6073BRG0009,IN6073,2022-04-27,CUST55628,APOTEK MAJA,BRG0009,AMBROXOL HC,5780.6999999999998,34,DUS,196543.79999999999,IDR,207,VNS,Kuningan,TA,Apotek
IN6277BRG0010,IN6277,2022-04-28,CUST55629,KLINIK GM,BRG0010,PARACETAMOL,6940.3000000000002,34,DUS,235970.20000000001,IDR,208,SLCYL,Jakarta,TA,Klinik
IN6197BRG0001,IN6197,2022-04-29,CUST55630,APOTEK MERDEKA,BRG0001,ACYCLOVIR DUS,1169.9100000000001,34,DUS,39776.940000000002,IDR,206,OGB & PH,Bandung,TA,Apotek
IN6225BRG0002,IN6225,2022-04-30,CUST55631,KLINIK SAHABAT,BRG0002,ALERGINE TABLET SALUT,2337.5,44,DUS,102850,IDR,203,ETIKAL,Tangerang,TD,Klinik
IN5999BRG0003,IN5999,2022-05-01,CUST55632,APOTEK SINAR JAYA,BRG0003,AMPICILLIN,10690.6,5,DUS,53453,IDR,210,MARCKS,Bekasi,TA,Apotek
IN6223BRG0004,IN6223,2022-05-02,CUST55633,APOTEK SAHABAT,BRG0004,TRAMADOL KAPSUL 50 MG,8700.7000000000007,6,DUS,52204.200000000004,IDR,201,VNS,Padang,EPM,Apotek
IN6273BRG0005,IN6273,2022-05-03,CUST55634,KLINIK DR. ANDRI,BRG0005,KLORPROMAZINA TABLET SALUT SELAPUT 100 MG,5648.3000000000002,79,DUS,446215.70000000001,IDR,203,SLCYL,Lampung,TD,Klinik
IN6047BRG0006,IN6047,2022-04-26,CUST55635,APOTEK TAPAK,BRG0006,KETOCONAZOLE TABLET 200 MG,2819.1999999999998,12,DUS,33830.399999999994,IDR,205,OGB & PH,Aceh,EPM,Apotek
IN6071BRG0007,IN6071,2022-04-27,CUST55636,APOTEK MAJA,BRG0007,ERGOTAMINE COFFEINE,4592.1000000000004,95,DUS,436249.50000000006,IDR,206,ETIKAL,Kuningan,TA,Apotek
IN6009BRG0008,IN6009,2022-04-28,CUST55637,KLINIK GM,BRG0008,TETRACYCLINE KAPSUL 250 MG,3991.9000000000001,76,DUS,303384.40000000002,IDR,204,MARCKS,Jakarta,TA,Klinik
IN6075BRG0009,IN6075,2022-04-16,CUST55638,APOTEK MERDEKA,BRG0009,AMBROXOL HC,5780.6999999999998,48,DUS,277473.59999999998,IDR,207,VNS,Bandung,TA,Apotek
IN6218BRG0010,IN6218,2022-04-17,CUST55639,KLINIK SAHABAT,BRG0010,PARACETAMOL,6940.3000000000002,21,DUS,145746.30000000002,IDR,208,SLCYL,Tangerang,TD,Klinik
IN5985BRG0001,IN5985,2022-04-18,CUST55640,APOTEK SINAR JAYA,BRG0001,ACYCLOVIR DUS,1169.9100000000001,21,DUS,24568.110000000001,IDR,206,OGB & PH,Bekasi,TA,Apotek
IN6154BRG0002,IN6154,2022-04-19,CUST55641,APOTEK SAHABAT,BRG0002,ALERGINE TABLET SALUT,2337.5,12,DUS,28050,IDR,203,ETIKAL,Padang,EPM,Apotek
IN6145BRG0003,IN6145,2022-04-20,CUST55642,APOTEK TAPAK,BRG0003,AMPICILLIN,10690.6,25,DUS,267265,IDR,210,MARCKS,Aceh,EPM,Apotek
IN6315BRG0004,IN6315,2022-04-21,CUST55643,APOTEK MAJA,BRG0004,TRAMADOL KAPSUL 50 MG,8700.7000000000007,13,DUS,113109.10000000001,IDR,201,VNS,Kuningan,TA,Apotek
IN6168BRG0005,IN6168,2022-05-13,CUST55644,KLINIK GM,BRG0005,KLORPROMAZINA TABLET SALUT SELAPUT 100 MG,5648.3000000000002,24,DUS,135559.20000000001,IDR,203,SLCYL,Jakarta,TA,Klinik
IN6192BRG0006,IN6192,2022-05-14,CUST55645,APOTEK MERDEKA,BRG0006,KETOCONAZOLE TABLET 200 MG,2819.1999999999998,10,DUS,28192,IDR,205,OGB & PH,Bandung,TA,Apotek
IN6285BRG0001,IN6285,2022-05-15,CUST55646,KLINIK SAHABAT,BRG0001,ACYCLOVIR DUS,4592.1000000000004,130,DUS,596973,IDR,206,OGB & PH,Tangerang,TD,Klinik
IN6077BRG0002,IN6077,2022-05-16,CUST55647,APOTEK SINAR JAYA,BRG0002,ALERGINE TABLET SALUT,3991.9000000000001,12,DUS,47902.800000000003,IDR,203,ETIKAL,Bekasi,TA,Apotek
IN6057BRG0003,IN6057,2022-05-17,CUST55648,APOTEK SAHABAT,BRG0003,AMPICILLIN,5780.6999999999998,10,DUS,57807,IDR,210,MARCKS,Padang,EPM,Apotek
IN6252BRG0004,IN6252,2022-05-18,CUST55649,KLINIK DR. ANDRI,BRG0004,TRAMADOL KAPSUL 50 MG,6940.3000000000002,67,DUS,465000.10000000003,IDR,201,VNS,Lampung,TD,Klinik
IN6272BRG0001,IN6272,2022-05-19,CUST55650,APOTEK TAPAK,BRG0001,ACYCLOVIR DUS,1169.9100000000001,98,DUS,114651.18000000001,IDR,206,OGB & PH,Aceh,EPM,Apotek
IN6150BRG0002,IN6150,2022-05-20,CUST55651,APOTEK MAJA,BRG0002,ALERGINE TABLET SALUT,2337.5,5,DUS,11687.5,IDR,203,ETIKAL,Kuningan,TA,Apotek
IN6298BRG0003,IN6298,2022-05-21,CUST55652,KLINIK GM,BRG0003,AMPICILLIN,10690.6,4,DUS,42762.400000000001,IDR,210,MARCKS,Jakarta,TA,Klinik
IN6295BRG0004,IN6295,2022-05-22,CUST55653,APOTEK MERDEKA,BRG0004,TRAMADOL KAPSUL 50 MG,8700.7000000000007,8,DUS,69605.600000000006,IDR,201,VNS,Bandung,TA,Apotek
IN6022BRG0005,IN6022,2022-05-23,CUST55654,KLINIK SAHABAT,BRG0005,KLORPROMAZINA TABLET SALUT SELAPUT 100 MG,5648.3000000000002,9,DUS,50834.700000000004,IDR,203,SLCYL,Tangerang,TD,Klinik
IN6090BRG0006,IN6090,2022-05-24,CUST55655,APOTEK SINAR JAYA,BRG0006,KETOCONAZOLE TABLET 200 MG,2819.1999999999998,21,DUS,59203.199999999997,IDR,205,OGB & PH,Bekasi,TA,Apotek
IN5996BRG0007,IN5996,2022-05-25,CUST55656,APOTEK SAHABAT,BRG0007,ERGOTAMINE COFFEINE,4592.1000000000004,21,DUS,96434.100000000006,IDR,206,ETIKAL,Padang,EPM,Apotek
IN6111BRG0008,IN6111,2022-05-26,CUST55657,APOTEK TAPAK,BRG0008,TETRACYCLINE KAPSUL 250 MG,3991.9000000000001,12,DUS,47902.800000000003,IDR,204,MARCKS,Aceh,EPM,Apotek
IN6194BRG0009,IN6194,2022-04-18,CUST55658,APOTEK MAJA,BRG0009,AMBROXOL HC,5780.6999999999998,25,DUS,144517.5,IDR,207,VNS,Kuningan,TA,Apotek
IN5987BRG0010,IN5987,2022-04-19,CUST55659,KLINIK GM,BRG0010,PARACETAMOL,6940.3000000000002,13,DUS,90223.900000000009,IDR,208,SLCYL,Jakarta,TA,Klinik
IN6313BRG0001,IN6313,2022-04-20,CUST55660,APOTEK MERDEKA,BRG0001,ACYCLOVIR DUS,1169.9100000000001,24,DUS,28077.840000000004,IDR,206,OGB & PH,Bandung,TA,Apotek
IN6138BRG0002,IN6138,2022-04-18,CUST55661,KLINIK SAHABAT,BRG0002,ALERGINE TABLET SALUT,2337.5,10,DUS,23375,IDR,203,ETIKAL,Tangerang,TD,Klinik
IN6316BRG0003,IN6316,2022-04-19,CUST55662,APOTEK SINAR JAYA,BRG0003,AMPICILLIN,10690.6,120,DUS,1282872,IDR,210,MARCKS,Bekasi,TA,Apotek
IN6019BRG0004,IN6019,2022-04-20,CUST55663,APOTEK SAHABAT,BRG0004,TRAMADOL KAPSUL 50 MG,8700.7000000000007,12,DUS,104408.40000000001,IDR,201,VNS,Padang,EPM,Apotek
IN6283BRG0005,IN6283,2022-05-19,CUST55664,KLINIK DR. ANDRI,BRG0005,KLORPROMAZINA TABLET SALUT SELAPUT 100 MG,5648.3000000000002,10,DUS,56483,IDR,203,SLCYL,Lampung,TD,Klinik
IN6169BRG0006,IN6169,2022-05-20,CUST55665,APOTEK TAPAK,BRG0006,KETOCONAZOLE TABLET 200 MG,2819.1999999999998,67,DUS,188886.39999999999,IDR,205,OGB & PH,Aceh,EPM,Apotek
IN6121BRG0007,IN6121,2022-05-21,CUST55666,APOTEK MAJA,BRG0007,ERGOTAMINE COFFEINE,4592.1000000000004,98,DUS,450025.80000000005,IDR,206,ETIKAL,Kuningan,TA,Apotek
IN6117BRG0008,IN6117,2022-05-22,CUST55667,KLINIK GM,BRG0008,TETRACYCLINE KAPSUL 250 MG,3991.9000000000001,5,DUS,19959.5,IDR,204,MARCKS,Jakarta,TA,Klinik
IN6201BRG0009,IN6201,2022-05-23,CUST55668,APOTEK MERDEKA,BRG0009,AMBROXOL HC,5780.6999999999998,4,DUS,23122.799999999999,IDR,207,VNS,Bandung,TA,Apotek
IN6179BRG0010,IN6179,2022-05-24,CUST55669,KLINIK SAHABAT,BRG0010,PARACETAMOL,6940.3000000000002,8,DUS,55522.400000000001,IDR,208,SLCYL,Tangerang,TD,Klinik
IN5978BRG0001,IN5978,2022-05-25,CUST55670,APOTEK SINAR JAYA,BRG0001,ACYCLOVIR DUS,1169.9100000000001,9,DUS,10529.190000000001,IDR,206,OGB & PH,Bekasi,TA,Apotek
IN5993BRG0002,IN5993,2022-05-26,CUST55671,APOTEK SAHABAT,BRG0002,ALERGINE TABLET SALUT,2337.5,1,DUS,2337.5,IDR,203,ETIKAL,Padang,EPM,Apotek
IN6160BRG0003,IN6160,2022-05-27,CUST55672,APOTEK TAPAK,BRG0003,AMPICILLIN,10690.6,5,DUS,53453,IDR,210,MARCKS,Aceh,EPM,Apotek
IN6282BRG0004,IN6282,2022-05-28,CUST55673,APOTEK MAJA,BRG0004,TRAMADOL KAPSUL 50 MG,8700.7000000000007,9,DUS,78306.300000000003,IDR,201,VNS,Kuningan,TA,Apotek
IN6093BRG0005,IN6093,2022-05-29,CUST55674,KLINIK GM,BRG0005,KLORPROMAZINA TABLET SALUT SELAPUT 100 MG,5648.3000000000002,13,DUS,73427.900000000009,IDR,203,SLCYL,Jakarta,TA,Klinik
IN6166BRG0006,IN6166,2022-05-30,CUST55675,APOTEK MERDEKA,BRG0006,KETOCONAZOLE TABLET 200 MG,2819.1999999999998,1,DUS,2819.1999999999998,IDR,205,OGB & PH,Bandung,TA,Apotek
IN6010BRG0001,IN6010,2022-05-31,CUST55676,KLINIK SAHABAT,BRG0001,ACYCLOVIR DUS,4592.1000000000004,5,DUS,22960.5,IDR,206,OGB & PH,Tangerang,TD,Klinik
IN6100BRG0002,IN6100,2022-06-01,CUST55677,APOTEK SINAR JAYA,BRG0002,ALERGINE TABLET SALUT,3991.9000000000001,9,DUS,35927.099999999999,IDR,203,ETIKAL,Bekasi,TA,Apotek
IN6222BRG0003,IN6222,2022-06-02,CUST55678,APOTEK SAHABAT,BRG0003,AMPICILLIN,5780.6999999999998,1,DUS,5780.6999999999998,IDR,210,MARCKS,Padang,EPM,Apotek
IN6032BRG0004,IN6032,2022-06-03,CUST55679,KLINIK DR. ANDRI,BRG0004,TRAMADOL KAPSUL 50 MG,6940.3000000000002,23,DUS,159626.89999999999,IDR,201,VNS,Lampung,TD,Klinik
IN6198BRG0001,IN6198,2022-06-04,CUST55680,APOTEK TAPAK,BRG0001,ACYCLOVIR DUS,1169.9100000000001,4,DUS,4679.6400000000003,IDR,206,OGB & PH,Aceh,EPM,Apotek
IN6212BRG0002,IN6212,2022-06-05,CUST55681,APOTEK MAJA,BRG0002,ALERGINE TABLET SALUT,2337.5,2,DUS,4675,IDR,203,ETIKAL,Kuningan,TA,Apotek
IN6288BRG0003,IN6288,2022-06-06,CUST55682,KLINIK GM,BRG0003,AMPICILLIN,10690.6,17,DUS,181740.20000000001,IDR,210,MARCKS,Jakarta,TA,Klinik
IN6059BRG0004,IN6059,2022-06-07,CUST55683,APOTEK MERDEKA,BRG0004,TRAMADOL KAPSUL 50 MG,8700.7000000000007,11,DUS,95707.700000000012,IDR,201,VNS,Bandung,TA,Apotek
IN6236BRG0005,IN6236,2022-06-08,CUST55684,KLINIK SAHABAT,BRG0005,KLORPROMAZINA TABLET SALUT SELAPUT 100 MG,5648.3000000000002,11,DUS,62131.300000000003,IDR,203,SLCYL,Tangerang,TD,Klinik
IN6296BRG0006,IN6296,2022-06-09,CUST55685,APOTEK SINAR JAYA,BRG0006,KETOCONAZOLE TABLET 200 MG,2819.1999999999998,12,DUS,33830.399999999994,IDR,205,OGB & PH,Bekasi,TA,Apotek
IN6324BRG0007,IN6324,2022-06-10,CUST55686,APOTEK SAHABAT,BRG0007,ERGOTAMINE COFFEINE,4592.1000000000004,25,DUS,114802.50000000001,IDR,206,ETIKAL,Padang,EPM,Apotek
IN6091BRG0008,IN6091,2022-06-11,CUST55687,APOTEK TAPAK,BRG0008,TETRACYCLINE KAPSUL 250 MG,3991.9000000000001,13,DUS,51894.700000000004,IDR,204,MARCKS,Aceh,EPM,Apotek
IN6033BRG0009,IN6033,2022-06-12,CUST55688,APOTEK MAJA,BRG0009,AMBROXOL HC,5780.6999999999998,34,DUS,196543.79999999999,IDR,207,VNS,Kuningan,TA,Apotek
IN6159BRG0010,IN6159,2022-06-13,CUST55689,KLINIK GM,BRG0010,PARACETAMOL,6940.3000000000002,67,DUS,465000.10000000003,IDR,208,SLCYL,Jakarta,TA,Klinik
IN6264BRG0001,IN6264,2022-06-14,CUST55690,APOTEK MERDEKA,BRG0001,ACYCLOVIR DUS,1169.9100000000001,15,DUS,17548.650000000001,IDR,206,OGB & PH,Bandung,TA,Apotek
IN6046BRG0002,IN6046,2022-06-15,CUST55691,KLINIK SAHABAT,BRG0002,ALERGINE TABLET SALUT,2337.5,12,DUS,28050,IDR,203,ETIKAL,Tangerang,TD,Klinik
IN6268BRG0003,IN6268,2022-06-16,CUST55692,APOTEK SINAR JAYA,BRG0003,AMPICILLIN,10690.6,25,DUS,267265,IDR,210,MARCKS,Bekasi,TA,Apotek
IN6310BRG0004,IN6310,2022-04-30,CUST55693,APOTEK SAHABAT,BRG0004,TRAMADOL KAPSUL 50 MG,8700.7000000000007,13,DUS,113109.10000000001,IDR,201,VNS,Padang,EPM,Apotek
IN6044BRG0005,IN6044,2022-05-01,CUST55694,KLINIK DR. ANDRI,BRG0005,KLORPROMAZINA TABLET SALUT SELAPUT 100 MG,5648.3000000000002,17,DUS,96021.100000000006,IDR,203,SLCYL,Lampung,TD,Klinik
IN6178BRG0006,IN6178,2022-05-02,CUST55695,APOTEK TAPAK,BRG0006,KETOCONAZOLE TABLET 200 MG,2819.1999999999998,18,DUS,50745.599999999999,IDR,205,OGB & PH,Aceh,EPM,Apotek
IN6270BRG0007,IN6270,2022-05-03,CUST55696,APOTEK MAJA,BRG0007,ERGOTAMINE COFFEINE,4592.1000000000004,18,DUS,82657.800000000003,IDR,206,ETIKAL,Kuningan,TA,Apotek
IN6123BRG0008,IN6123,2022-06-16,CUST55697,KLINIK GM,BRG0008,TETRACYCLINE KAPSUL 250 MG,3991.9000000000001,12,DUS,47902.800000000003,IDR,204,MARCKS,Jakarta,TA,Klinik
IN6265BRG0009,IN6265,2022-04-30,CUST55698,APOTEK MERDEKA,BRG0009,AMBROXOL HC,5780.6999999999998,25,DUS,144517.5,IDR,207,VNS,Bandung,TA,Apotek
IN6158BRG0010,IN6158,2022-05-01,CUST55699,KLINIK SAHABAT,BRG0010,PARACETAMOL,6940.3000000000002,13,DUS,90223.900000000009,IDR,208,SLCYL,Tangerang,TD,Klinik
IN6105BRG0001,IN6105,2022-05-02,CUST55700,APOTEK SINAR JAYA,BRG0001,ACYCLOVIR DUS,1169.9100000000001,21,DUS,24568.110000000001,IDR,206,OGB & PH,Bekasi,TA,Apotek
IN6213BRG0002,IN6213,2022-05-03,CUST55701,APOTEK SAHABAT,BRG0002,ALERGINE TABLET SALUT,2337.5,21,DUS,49087.5,IDR,203,ETIKAL,Padang,EPM,Apotek
IN6109BRG0003,IN6109,2022-06-16,CUST55702,APOTEK TAPAK,BRG0003,AMPICILLIN,10690.6,12,DUS,128287.20000000001,IDR,210,MARCKS,Aceh,EPM,Apotek
IN6249BRG0004,IN6249,2022-04-30,CUST55703,APOTEK MAJA,BRG0004,TRAMADOL KAPSUL 50 MG,8700.7000000000007,25,DUS,217517.50000000003,IDR,201,VNS,Kuningan,TA,Apotek
IN6067BRG0005,IN6067,2022-05-01,CUST55704,KLINIK GM,BRG0005,KLORPROMAZINA TABLET SALUT SELAPUT 100 MG,5648.3000000000002,13,DUS,73427.900000000009,IDR,203,SLCYL,Jakarta,TA,Klinik
IN6143BRG0006,IN6143,2022-05-02,CUST55705,APOTEK MERDEKA,BRG0006,KETOCONAZOLE TABLET 200 MG,2819.1999999999998,24,DUS,67660.799999999988,IDR,205,OGB & PH,Bandung,TA,Apotek
IN5990BRG0001,IN5990,2022-05-03,CUST55706,KLINIK SAHABAT,BRG0001,ACYCLOVIR DUS,4592.1000000000004,10,DUS,45921,IDR,206,OGB & PH,Tangerang,TD,Klinik
IN5992BRG0002,IN5992,2022-06-16,CUST55707,APOTEK SINAR JAYA,BRG0002,ALERGINE TABLET SALUT,3991.9000000000001,23,DUS,91813.699999999997,IDR,203,ETIKAL,Bekasi,TA,Apotek
IN6132BRG0003,IN6132,2022-04-30,CUST55708,APOTEK SAHABAT,BRG0003,AMPICILLIN,5780.6999999999998,12,DUS,69368.399999999994,IDR,210,MARCKS,Padang,EPM,Apotek
IN6030BRG0004,IN6030,2022-05-01,CUST55709,KLINIK DR. ANDRI,BRG0004,TRAMADOL KAPSUL 50 MG,6940.3000000000002,10,DUS,69403,IDR,201,VNS,Lampung,TD,Klinik
IN6094BRG0001,IN6094,2022-05-02,CUST55710,APOTEK TAPAK,BRG0001,ACYCLOVIR DUS,1169.9100000000001,67,DUS,78383.970000000001,IDR,206,OGB & PH,Aceh,EPM,Apotek
IN6294BRG0002,IN6294,2022-05-03,CUST55711,APOTEK MAJA,BRG0002,ALERGINE TABLET SALUT,2337.5,98,DUS,229075,IDR,203,ETIKAL,Kuningan,TA,Apotek
IN6012BRG0003,IN6012,2022-06-16,CUST55712,KLINIK GM,BRG0003,AMPICILLIN,10690.6,5,DUS,53453,IDR,210,MARCKS,Jakarta,TA,Klinik
IN6106BRG0004,IN6106,2022-04-30,CUST55713,APOTEK MERDEKA,BRG0004,TRAMADOL KAPSUL 50 MG,8700.7000000000007,4,DUS,34802.800000000003,IDR,201,VNS,Bandung,TA,Apotek
IN5984BRG0005,IN5984,2022-05-01,CUST55714,KLINIK SAHABAT,BRG0005,KLORPROMAZINA TABLET SALUT SELAPUT 100 MG,5648.3000000000002,8,DUS,45186.400000000001,IDR,203,SLCYL,Tangerang,TD,Klinik
IN6007BRG0006,IN6007,2022-05-02,CUST55715,APOTEK SINAR JAYA,BRG0006,KETOCONAZOLE TABLET 200 MG,2819.1999999999998,9,DUS,25372.799999999999,IDR,205,OGB & PH,Bekasi,TA,Apotek
IN6115BRG0007,IN6115,2022-05-03,CUST55716,APOTEK SAHABAT,BRG0007,ERGOTAMINE COFFEINE,4592.1000000000004,10,DUS,45921,IDR,206,ETIKAL,Padang,EPM,Apotek
IN6000BRG0008,IN6000,2022-06-16,CUST55717,APOTEK TAPAK,BRG0008,TETRACYCLINE KAPSUL 250 MG,3991.9000000000001,7,DUS,27943.299999999999,IDR,204,MARCKS,Aceh,EPM,Apotek
IN6097BRG0009,IN6097,2022-04-30,CUST55718,APOTEK MAJA,BRG0009,AMBROXOL HC,5780.6999999999998,100,DUS,578070,IDR,207,VNS,Kuningan,TA,Apotek
IN5989BRG0010,IN5989,2022-05-01,CUST55719,KLINIK GM,BRG0010,PARACETAMOL,6940.3000000000002,67,DUS,465000.10000000003,IDR,208,SLCYL,Jakarta,TA,Klinik
IN6151BRG0001,IN6151,2022-05-02,CUST55720,APOTEK MERDEKA,BRG0001,ACYCLOVIR DUS,1169.9100000000001,78,DUS,91252.98000000001,IDR,206,OGB & PH,Bandung,TA,Apotek
IN6037BRG0002,IN6037,2022-05-03,CUST55721,KLINIK SAHABAT,BRG0002,ALERGINE TABLET SALUT,2337.5,45,DUS,105187.5,IDR,203,ETIKAL,Tangerang,TD,Klinik
IN6165BRG0003,IN6165,2022-06-16,CUST55722,APOTEK SINAR JAYA,BRG0003,AMPICILLIN,10690.6,34,DUS,363480.40000000002,IDR,210,MARCKS,Bekasi,TA,Apotek
IN6101BRG0004,IN6101,2022-04-30,CUST55723,APOTEK SAHABAT,BRG0004,TRAMADOL KAPSUL 50 MG,8700.7000000000007,20,DUS,174014,IDR,201,VNS,Padang,EPM,Apotek
IN6142BRG0005,IN6142,2022-05-01,CUST55724,KLINIK DR. ANDRI,BRG0005,KLORPROMAZINA TABLET SALUT SELAPUT 100 MG,5648.3000000000002,45,DUS,254173.5,IDR,203,SLCYL,Lampung,TD,Klinik
IN6312BRG0006,IN6312,2022-05-02,CUST55725,APOTEK TAPAK,BRG0006,KETOCONAZOLE TABLET 200 MG,2819.1999999999998,34,DUS,95852.799999999988,IDR,205,OGB & PH,Aceh,EPM,Apotek
IN6112BRG0007,IN6112,2022-05-03,CUST55726,APOTEK MAJA,BRG0007,ERGOTAMINE COFFEINE,4592.1000000000004,34,DUS,156131.40000000002,IDR,206,ETIKAL,Kuningan,TA,Apotek
IN6204BRG0008,IN6204,2022-06-16,CUST55727,KLINIK GM,BRG0008,TETRACYCLINE KAPSUL 250 MG,3991.9000000000001,34,DUS,135724.60000000001,IDR,204,MARCKS,Jakarta,TA,Klinik
IN6304BRG0009,IN6304,2022-04-30,CUST55728,APOTEK MERDEKA,BRG0009,AMBROXOL HC,5780.6999999999998,44,DUS,254350.79999999999,IDR,207,VNS,Bandung,TA,Apotek
IN6004BRG0010,IN6004,2022-05-01,CUST55729,KLINIK SAHABAT,BRG0010,PARACETAMOL,6940.3000000000002,5,DUS,34701.5,IDR,208,SLCYL,Tangerang,TD,Klinik
